,url,title,year,mileage,transmission,color,description,volume,engine,acceleration,fuel,price
0,/car/detail-zoadyirk-samand-lx-ef7-1394,سمند، LX,1394,"116,700 km",دنده ای,آبی / داخل کرم,"به نام خداوند بزرگ: 
ماشین ازهرنظر سالم ودرحد صفر است .داذای کارت معاینه فنی بدنه، رنگ ،موتور ،شاسی ،وغیره کاملا سالم، تسمه تایم،تسمه دینام،روغن موتور، ضدیخ وهمه مصرفیها اخیرا تعویض شده .
تک سند ازابتدا دست خودم بوده است.
توضیحات بیشتر وتخفیف درحدامکان حضوری یاتلفنی به مشتری واقعی ارائه میشود ان شاءالله
ضمنادارای بیمه شخص ثالث یک سال تمام میباشد.",1.7 لیتر,4 سیلندر EF7,12 ثانیه,7.5 لیتر در صد کیلومتر,"540,000,000"
1,/car/detail-92lk4hdm-samand-lx-ef7-1394,سمند، LX,1394,"157,500 km",دنده ای,سفید / داخل بژ,"درب سمت راننده تعویض 
بیمه ۶ ماه
شاسی و ستون پلمپ",1.7 لیتر,4 سیلندر EF7,12 ثانیه,7.5 لیتر در صد کیلومتر,"415,000,000"
2,/car/detail-7hgwmokz-samand-lx-ef7cng-1399,سمند، LX,1399,صفر کیلومتر,دنده ای,سفید / داخل کرم,"کارکرد از نمایندگی تا منزل
بدون خط و خش
داخل پارکینگ مسقف نگهداری شده
مخزن گاز بزرگ آبی،کیت بوش
سند دست اول به نام خودم 
مدارک آماده انتقال",1.7 لیتر,4 سیلندر EF7,12 ثانیه,7.5 لیتر در صد کیلومتر,"720,000,000"
3,/car/detail-mjuqnpt8-samand-lx-basic-1398,سمند، LX,1398,"100,000 km",دنده ای,سفید / داخل خاکی,"مصرف خانگی 
کاملاسالم و بدون خرج 
دزدگیر 
پاور شیشه 
کف پوش 
روکش 
تسمه تایم و شمع و وایر به تازگی تعویض شده 
9 ماه بیمه 
بیمه بدنه",1.8 لیتر,4 سیلندر XU7,13.1 ثانیه,8.3 لیتر در صد کیلومتر,"490,000,000"
4,/car/detail-ovicjnym-samand-lx-ef7-1395,سمند، LX,1395,"350,000 km",دنده ای,سرمه ای / داخل کرم,"ماشین از صفر دست خودم بوده ،در دو ماه گذشته 92میلیون خرج تعمیر اساسی شده در نمایندگی ایران خودرو (فاکتور ها موجوده)
موتور تعمیر اساسی ، دیسک و صفحه ،تسمه تایم ، چهار تا کمک جلو و عقب ، بلبرینگ چرخ و...
معاینه فنی بهمن ماه
بیمه مهر ماه 
اسب زین کرده است.",1.7 لیتر,4 سیلندر EF7,12 ثانیه,7.5 لیتر در صد کیلومتر,"430,000,000"
5,/car/detail-iefn5hhp-samand-lx-basic-1399,سمند، LX,1399,"73,000 km",دنده ای,سفید / داخل کرم,,1.8 لیتر,4 سیلندر XU7,13.1 ثانیه,8.3 لیتر در صد کیلومتر,"515,000,000"
6,/car/detail-qtnieuht-samand-lx-ef7-1394,سمند، LX,1394,"440,000 km",دنده ای,سفید / داخل خاکستری,,1.7 لیتر,4 سیلندر EF7,12 ثانیه,7.5 لیتر در صد کیلومتر,"385,000,000"
7,/car/detail-huetwosj-samand-lx-ef7-1392,سمند، LX,1392,"240,000 km",دنده ای,مشکی / داخل طوسی,"✓ شاسی پلمپ
✓  (صافکاری بدون رنگ)
✓ موتور پلمپ و کاملا سر حال
✓ ECU زیمنس
✓ مدل ۹۲، ۹۳ بهترین مدل های EF7 هست (ماشین شناس ها می دونن چی میگم)
لطفا خریدار واقعی و کسی که ماشین رو می شناسه تماس بگیره.
✓✓✓به خریدار واقعی تخفیف جزئی میدم✓✓✓",1.7 لیتر,4 سیلندر EF7,12 ثانیه,7.5 لیتر در صد کیلومتر,"365,000,000"
8,/car/detail-f20xhwbt-samand-lx-ef7cng-1400,سمند، LX,1400,"82,500 km",دنده ای,نارنجی / داخل کرم,"تاکسی کاملا خانگی 
بدون خط و‌خش ضربه
زاپاس باز‌نشده
بیمه یکسال
روکش چرم کفی ،شیشه دودی
کیلومتر واقعی بشرط دیاگ
مصرفی ها تعویض شده
بدون یک ریال خرج",1.7 لیتر,4 سیلندر EF7,12 ثانیه,7.5 لیتر در صد کیلومتر,"599,000,000"
9,/car/detail-umiqtkbr-samand-lx-basic-1398,سمند، LX,1398,"99,000 km",دنده ای,سفید / داخل مشکی,با سلام.سمند .داشبورد مشکی.فوق العاده سالم,1.8 لیتر,4 سیلندر XU7,13.1 ثانیه,8.3 لیتر در صد کیلومتر,"510,000,000"
10,/car/detail-mqe29zfu-samand-lx-ef7-1394,سمند، LX,1394,"148,000 km",دنده ای,سفید / داخل مشکی," فنی به شرط 
جلو بندی سالم 
روغن تعویض شده 
چند لکه 
بیمه ده ماه",1.7 لیتر,4 سیلندر EF7,12 ثانیه,7.5 لیتر در صد کیلومتر,"395,000,000"
11,/car/detail-xxotm9yu-samand-lx-basic-1399,سمند، LX,1399,"260,000 km",دنده ای,سفید / داخل بژ,"فنی سالم تمام مصرفیها نو شده کلی قطعات دیگش هم نو شده صحیح و سالم آماده کار هست 
بدنه هم یک گلگیر صافکاری جزئی لازم داره الباقی بدون رنگ هست",1.8 لیتر,4 سیلندر XU7,13.1 ثانیه,8.3 لیتر در صد کیلومتر,"500,000,000"
12,/car/detail-hrs61au8-samand-lx-basic-1392,سمند، LX,1392,"278,000 km",دنده ای,سفید / داخل قهوه ای,موتور تازه تعمیر بدون ضعف فنی درجه ۱ وضعیت بدنه خوب یه کف دست گلگیر عقب بالای چراغ سمت شاگرد رنگ دوتا دور گلگیر سمت راننده آبرنگ کاپوت تعویض,1.8 لیتر,4 سیلندر XU7,13.1 ثانیه,8.3 لیتر در صد کیلومتر,"330,000,000"
13,/car/detail-7ka1txyp-samand-lx-basic-1399,سمند، LX,1399,"80,000 km",دنده ای,سفید / داخل مشکی,"موجود در نمایندگی 
اقساطی 
۲۷۰ میلیون پیش پرداخت 
خودرو رو تحویل بگیرید 
گلگیر سمت شاگرد رنگ 
۶ ماه بیمه 
کارکرد واقعی 
فنی سالم سالم",1.8 لیتر,4 سیلندر XU7,13.1 ثانیه,8.3 لیتر در صد کیلومتر,"470,000,000"
14,/car/detail-iz4vuysb-samand-lx-ef7-1397,سمند، LX,1397,"108,000 km",دنده ای,سفید / داخل سفید,دارای دوربین دنده عقب,1.7 لیتر,4 سیلندر EF7,12 ثانیه,7.5 لیتر در صد کیلومتر,"470,000,000"
15,/car/detail-hs4b9svk-samand-lx-ef7-1391,سمند، LX,1391,"221,000 km",دنده ای,سفید / داخل خاکستری,"ماشین دو لکه بالای چراغ جلو سمت راننده لیسه کشی لازم داره
باتری تاره عوض شده
جلوبندی سالم
لاستیک جلو ۱۰۰ درصد و عقب ۸۰درصد
لازم به ذکره ماشین روغن کم میکنه",1.7 لیتر,4 سیلندر EF7,12 ثانیه,7.5 لیتر در صد کیلومتر,"320,000,000"
16,/car/detail-2lnseq1b-samand-lx-basic-1394,سمند، LX,1394,"242,000 km",دنده ای,سفید / داخل نوک مدادی,"یک درب تعویض شده کارت طلایی داشته استفاده کرده، یک درب خش افتاده و صافکاری شده، گلگیر رنگ شده اندازه کف دستی، شاسی جلو سمت شاگرد هم بدون جوش فقط کشیده شده و صافکاری.
ماشین بسیار سر حال، لاستیک خارجی 205
موتور سرحال",1.8 لیتر,4 سیلندر XU7,13.1 ثانیه,8.3 لیتر در صد کیلومتر,"350,000,000"
17,/car/detail-um5nnfzx-samand-lx-ef7-1397,سمند، LX,1397,"143,000 km",دنده ای,سفید / داخل کرم,"با سلام.
خودرو فوق العاده سالم و تمیز می‌باشد.
به عنوان ماشین دوم استفاده می‌شده.
رینگ آلومنیومی ۱۱ پر.
گلگیر سمت شاگرد رنگ دارد.
سالم بدون خط و خش.
شاسی عقب و جلو سالم و پلمپ.",1.7 لیتر,4 سیلندر EF7,12 ثانیه,7.5 لیتر در صد کیلومتر,"515,000,000"
18,/car/detail-mnku7dse-samand-lx-ef7cng-1396,سمند، LX,1396,"260,000 km",دنده ای,دلفینی / داخل خاکستری,موتور سالم درجه یک .دیسک و صفحه کلاج وتسمه تایم نو شده .معاینه فنی دارد .بیمه تا برج 2سال بعد .داخل کابین مرتب و کفپوش سه بعدی دارد رنگ شدگی دو گلگیر عقب .کف صندوق صافکاری بی رنگی دارد.,1.7 لیتر,4 سیلندر EF7,12 ثانیه,7.5 لیتر در صد کیلومتر,"429,000,000"
19,/car/detail-pe65mrwq-samand-lx-basic-1397,سمند، LX,1397,"170,000 km",دنده ای,خاکستری / داخل قهوه ای,دو تا گلگیر جلو و کاپوت تعویضی میباشد و زیر درب راننده و گلگیر عقب سمت راننده کمی رنگ دارد وسر شاسی های جلو سمت شاگرد ترمیم جزئی دارد . فنی به شرط,1.8 لیتر,4 سیلندر XU7,13.1 ثانیه,8.3 لیتر در صد کیلومتر,"355,000,000"
20,/car/detail-5trniy7j-samand-lx-basic-1393,سمند، LX,1393,"230,000 km",دنده ای,سرمه ای / داخل خاکستری,"بیمه تا برج شش
معاینه فنی یک سال 
گلگیر سمت راننده رنگ به علت مالیدگی
لوازم مصرفی کلا به تازگی مصرف شده
جای تخفیف پای معامله دارد",1.8 لیتر,4 سیلندر XU7,13.1 ثانیه,8.3 لیتر در صد کیلومتر,"365,000,000"
21,/car/detail-hmsvo4dc-samand-lx-basic-1395,سمند، LX,1395,"136,000 km",دنده ای,سفید / داخل قهوه ای,"ماشین کاملا سالم فنی سالم 
درب سمت شاگرد عقب بدونه رنگ صاف شده
در صورت",1.8 لیتر,4 سیلندر XU7,13.1 ثانیه,8.3 لیتر در صد کیلومتر,"450,000,000"
22,/car/detail-byskf1jh-samand-lx-ef7cng-1397,سمند، LX,1397,"176,000 km",دنده ای,سفید / داخل کرم,ماشین کاملا سالم سالم تمام مصرفی ها به موقع تعویص شده برای زیر پا عالی مخزن بزرگ بوش,1.7 لیتر,4 سیلندر EF7,12 ثانیه,7.5 لیتر در صد کیلومتر,"575,000,000"
23,/car/detail-1zf0jlgl-samand-lx-basic-1398,سمند، LX,1398,"118,000 km",دنده ای,سفید / داخل بژ,ماشین بسیار تمیز و تمامیسروس ها به موقع انجام شده همراه با دزدگیر تصویری و دوربین دنده عقب 4 حلقه لاستیک خارجی,1.8 لیتر,4 سیلندر XU7,13.1 ثانیه,8.3 لیتر در صد کیلومتر,"525,000,000"
24,/car/detail-sk1liklo-samand-lx-basic-1399,سمند، LX,1399,"80,000 km",دنده ای,سفید / داخل مشکی,"تحویل روز
یک لکه رنگ روی گلگیر 
بیمه ۶ ماه",1.8 لیتر,4 سیلندر XU7,13.1 ثانیه,8.3 لیتر در صد کیلومتر,"470,000,000"
25,/car/detail-p2dfqz4v-samand-lx-basic-1393,سمند، LX,1393,"105,000 km",دنده ای,خاکستری / داخل کرم," کارکرد به شرط
حدود 8 ماه بیمه دارد
پشتی صندلی ها برقیه
ماشین یکماه نشده 30 تومن خرج فنی شده همراه با فاکتور ارائه میدم
فنی بسیار سالم و به شرط کارشناسی",1.8 لیتر,4 سیلندر XU7,13.1 ثانیه,8.3 لیتر در صد کیلومتر,"430,000,000"
26,/car/detail-frg7budz-samand-lx-basic-1398,سمند، LX,1398,"103,000 km",دنده ای,سفید / داخل قهوه ای,خودرو از زمان تحویل بصورت عالی نگهداری شده، تمامی سرویس ها بموقع انجام شده. بدون عیب و ایراد جهت مصرف‌کننده‌.....,1.8 لیتر,4 سیلندر XU7,13.1 ثانیه,8.3 لیتر در صد کیلومتر,"500,000,000"
27,/car/detail-c2heikds-samand-lx-basic-1393,سمند، LX,1393,"250,000 km",دنده ای,سفید / داخل کرم,"شاسی ها و کف صندوق سالم و بدون ضربه
فنی موتور گیربکس جلوبندی سالم و به شرط کارشناسی",1.8 لیتر,4 سیلندر XU7,13.1 ثانیه,8.3 لیتر در صد کیلومتر,"390,000,000"
28,/car/detail-plc406zz-samand-lx-basic-1393,سمند، LX,1393,"258,000 km",دنده ای,سفید / داخل مشکی,"یک تیکه تعویض-سینی خوردگی
✔️خودرو فوق به شرط کارشناسی و تحویل با برگه کارشناسی 
✔️داخل کابین مرتب 
✔️تخفیف پای معامله 
✔️کارواش رایگان قبل از تحویل خودرو 
",1.8 لیتر,4 سیلندر XU7,13.1 ثانیه,8.3 لیتر در صد کیلومتر,"369,000,000"
29,/car/detail-vpwiao7t-samand-lx-ef7-1394,سمند، LX,1394,"139,000 km",دنده ای,سفید / داخل کرم,از ابتدا دست خودم هست بسیار سالم فقط ۱۰ سانت از نوک گلگیر رنگ دارد مابقی بیرنگ و سالم,1.7 لیتر,4 سیلندر EF7,12 ثانیه,7.5 لیتر در صد کیلومتر,"425,000,000"
30,/car/detail-lb6eow5w-samand-lx-ef7cng-1395,سمند، LX,1395,"176,000 km",دنده ای,سفید / داخل کرم,"کلیه لوازم مصرفی به هنگام تعویض شده 
به هیچ عنوان روغن کم نمیکنه 
فنی ماشین ۱۰۰ درصد تضمینی
بلوک شیرهای گاز CNG پارسال کامل عوض شده و آلمانی اصل سوارشده
گلگیر جلو سمتِ راننده تعویض شده ولی هیچ آسیبی به شاسی وارد نشده 
یک ضربه عقب داشته که اون هم هیچ آسیبی به شاسی نزده 
رینگ آلومینیوم 
لاستیک ۲۰۵ که فروردین انداختم
شیشه ها دودی
دورفرمان چرم
بیمه تا پایان آبان ۱۴۰۴
روکش پرشیایی
بدون ریالی هزینه",1.7 لیتر,4 سیلندر EF7,12 ثانیه,7.5 لیتر در صد کیلومتر,"450,000,000"
31,/car/detail-rxa4723x-samand-lx-ef7cng-1393,سمند، LX,1393,"206,000 km",دنده ای,آبی / داخل کرم,"سلام 
موتور تازه تعمیر 
مصرفژ ها تعویض شدن
روکش و کفی و دور فرمون و نمد کاپوت و صندوق تازه انداختم
آماده مسافرت های نوروزی
مناسب مصرف کننده 
یا حق و حقیقت",1.7 لیتر,4 سیلندر EF7,12 ثانیه,7.5 لیتر در صد کیلومتر,"410,000,000"
32,/car/detail-liwfosv7-samand-lx-basic-1399,سمند، LX,1399,"80,000 km",دنده ای,سفید / داخل کرم,,1.8 لیتر,4 سیلندر XU7,13.1 ثانیه,8.3 لیتر در صد کیلومتر,"515,000,000"
33,/car/detail-khiudkg4-samand-lx-ef7-1393,سمند، LX,1393,"223,000 km",دنده ای,سفید / داخل قهوه ای,"سلام 
 به فروش می رسد
خریدار واقعی تماس بگیره",1.7 لیتر,4 سیلندر EF7,12 ثانیه,7.5 لیتر در صد کیلومتر,"395,500,000"
34,/car/detail-f7kvn6b5-samand-lx-ef7-1400,سمند، LX,1400,"50,000 km",دنده ای,سفید / داخل کرم,"خودرو فوق فابریک
بدون خط و خش 
بیمه یکسال کامل ( 5 روز قبل بیمه شد ) 
کم کارکرد
تشک دوزی نو
ماشین بسیار تمیز 
در صورت خرید نقدی تخفیف داده میشود 
مصرف کننده تماس بگیرد ",1.7 لیتر,4 سیلندر EF7,12 ثانیه,7.5 لیتر در صد کیلومتر,"630,000,000"
35,/car/detail-werzvk0y-samand-lx-ef7-1397,سمند، LX,1397,"90,000 km",دنده ای,سفید / داخل طوسی,"-4 حلقه لاستیک ژاپنی
-معاینه فنی تکمیل
- بیمه 6 ماه
- روکش صندلی و کف پایی
- روغن موتور ،فیلتر کابین ،فیلتر روغن ،روغن هیدرولیک،روغن ترمز تعویض شده
- باطری نو
- قفل کاپوت تعبیه شده است
- دزگیر مرکزی فابریک
- دزدگیر ایزی کار تصویری
- سیستم صوتی (ساب+ آمپلی فایر) پایونر 
- شیشه جلو ترک جزئی دارد (برخورد سنگریزه جاده)
- سخنگو ضبط و باند فابریک کارخانه
- ماشین دوم بوده (فاصله منزل تامحل کار 500 متر بوده است)
""لطفا فقط مصرف کننده ..",1.7 لیتر,4 سیلندر EF7,12 ثانیه,7.5 لیتر در صد کیلومتر,"545,000,000"
36,/car/detail-oyuk70lk-samand-lx-basic-1394,سمند، LX,1394,"274,000 km",دنده ای,سفید / داخل کرم,,1.8 لیتر,4 سیلندر XU7,13.1 ثانیه,8.3 لیتر در صد کیلومتر,"411,000,000"
37,/car/detail-r0e1xgey-samand-lx-ef7-1391,سمند، LX,1391,"250,000 km",دنده ای,سفید / داخل خاکستری,دوازده ماه بیمه داره همراه با چهار حلقه لاستیک نو.شاسی ها سالم ویک گلگیر رنگ شده وشاسی ها سالم هستن.,1.7 لیتر,4 سیلندر EF7,12 ثانیه,7.5 لیتر در صد کیلومتر,0
38,/car/detail-ptgialqn-samand-lx-ef7cng-1397,سمند، LX,1397,کارکرده,دنده ای,سفید / داخل کرم,"  تمییز
 دوگانه کارخانه 
بیمه ۱۱ ماه
فنی سالم 
 ",1.7 لیتر,4 سیلندر EF7,12 ثانیه,7.5 لیتر در صد کیلومتر,"570,000,000"
39,/car/detail-xvptyuhc-samand-lx-basic-1394,سمند، LX,1394,"287,000 km",دنده ای,نوک مدادی / داخل بژ,"فنی سالم
خط و خش جزئی
از صفر دست خودم بوده
دارای ضبط سونی",1.8 لیتر,4 سیلندر XU7,13.1 ثانیه,8.3 لیتر در صد کیلومتر,"400,000,000"
40,/car/detail-y2pr8o4c-samand-lx-basic-1394,سمند، LX,1394,"231,000 km",دنده ای,خاکستری / داخل قهوه ای,کربن کاپوت قابل برداشتن است.باطری نو.چهار حلقه لاستیک ۲۰۵بارز نو.,1.8 لیتر,4 سیلندر XU7,13.1 ثانیه,8.3 لیتر در صد کیلومتر,"335,000,000"
41,/car/detail-kracigyu-samand-lx-ef7-1401,سمند، LX,1401,"53,000 km",دنده ای,سفید / داخل مشکی,,1.7 لیتر,4 سیلندر EF7,12 ثانیه,7.5 لیتر در صد کیلومتر,"700,000,000"
42,/car/detail-l0pbbxed-samand-lx-basic-1395,سمند، LX,1395,"100,000 km",دنده ای,سفید / داخل بژ,"بسیار تمیز واقعی 
(بیمه فول یکسال کامل دارد ماینه فنی دارد)
روکش صندلی جنس خوب مارک دیبا نو
لاستیک ها خوب
باتری نو
قفل درب ها کلید جدا
ضبط خوب
سواری فنی موتوری عالی 
کولر و بخاری عالی
دزدگیر فابریک کارخانه 
صندلی ها برقی LX
 فروش فقط و فقط مصرف کننده 
فقط تماس پیامک پاسخگو نیستم",1.8 لیتر,4 سیلندر XU7,13.1 ثانیه,8.3 لیتر در صد کیلومتر,0
43,/car/detail-dq01rkkl-samand-lx-ef7cng-1391,سمند، LX,1391,"330,000 km",دنده ای,سفید / داخل کرم, تازه بیمه شده فنی کاملا سالم دوگانه سوز شرکتی دارای معاینه فنی بدون هیچ تصادفی و کاملا پلمپ و دارای پخش پایونیر آیندشون تصویری و باند های پایونیر و لاستیک ۷۰ درصد و بدنه سالم و اتاق بدون هیچ صدای اضافی و رینگ آهنی و قالپاقی معمولی شرکتی و دارای کفپوش سه بعدی و ایربگدار راننده و اکثر قطعات مصرفی تازه عوض شده ... ماشین از اول دست خودم بوده و مناسب برای مصرف کننده,1.7 لیتر,4 سیلندر EF7,12 ثانیه,7.5 لیتر در صد کیلومتر,0
44,/car/detail-ashxb3rg-samand-lx-ef7-1393,سمند، LX,1393,"230,000 km",دنده ای,مشکی / داخل کرم,"بنزینی
سند دست اول
فوق العاده تمیز و سالم
فنی درجه یک به شرط
دو لکه جزیی رنگ گلگیر سمت شاگرد",1.7 لیتر,4 سیلندر EF7,12 ثانیه,7.5 لیتر در صد کیلومتر,"380,000,000"
45,/car/detail-usymzxwb-samand-lx-basic-1400,سمند، LX,1400,"91,000 km",دنده ای,سفید / داخل قهوه ای,لاستیک نو _باتری نو_ شیشه دودی,1.8 لیتر,4 سیلندر XU7,13.1 ثانیه,8.3 لیتر در صد کیلومتر,"535,000,000"
46,/car/detail-j8beurf3-samand-lx-basic-1397,سمند، LX,1397,"184,000 km",دنده ای,خاکستری / داخل کرم,ماشین تک بر گ تا اول دست خودم بود  بیمه تا برج 8 سال بعد 4حلقه لاستیک نو یک ماهی میشه انداختم,1.8 لیتر,4 سیلندر XU7,13.1 ثانیه,8.3 لیتر در صد کیلومتر,0
47,/car/detail-jgqdyv9g-samand-lx-ef7-1393,سمند، LX,1393,"105,000 km",دنده ای,سفید / داخل مشکی,در حد صفر به خریدار واقعی فروخته میشود,1.7 لیتر,4 سیلندر EF7,12 ثانیه,7.5 لیتر در صد کیلومتر,"495,000,000"
48,/car/detail-io43rpna-samand-lx-basic-1395,سمند، LX,1395,"133,000 km",دنده ای,سفید / داخل کرم,,1.8 لیتر,4 سیلندر XU7,13.1 ثانیه,8.3 لیتر در صد کیلومتر,"430,000,000"
49,/car/detail-yafjf4qz-samand-lx-basic-1400,سمند، LX,1400,"37,500 km",دنده ای,سفید / داخل کرم, کم کار واقعی,1.8 لیتر,4 سیلندر XU7,13.1 ثانیه,8.3 لیتر در صد کیلومتر,"607,000,000"
50,/car/detail-xuqkwii7-samand-lx-basic-1395,سمند، LX,1395,"104,500 km",دنده ای,سفید / داخل کرم,"خودروی توسط شرکت کارشناسی شده و سلامت فنی و ظاهری آن تایید شده است.
تنها در ظاهر خودرو ضربه خوردگی جزئی در قسمت جلوی کاپوت و سمت راننده وجود دارد که در تصاویر مقدار آن مشخص است.",1.8 لیتر,4 سیلندر XU7,13.1 ثانیه,8.3 لیتر در صد کیلومتر,"435,000,000"
51,/car/detail-pazegsg1-samand-lx-ef7-1397,سمند، LX,1397,"120,000 km",دنده ای,سفید / داخل قهوه ای,ضبط و باند پایونیر و کنوود ...بیمه ۴ ماه...ماشین شتاب خیلی خوبی داره,1.7 لیتر,4 سیلندر EF7,12 ثانیه,7.5 لیتر در صد کیلومتر,"460,000,000"
52,/car/detail-inxdpfzo-samand-lx-basic-1398,سمند، LX,1398,"25,000 km",دنده ای,سفید / داخل کرم," با سپر جدید
 از لحاظ فنی کاملا سالم
ماشین صندوق عقب خردگی دارد و سینی سر شاسی عقب سمت شاگرد ضربه جزئی دارد. 
برگه کارشناسی هم موجود است.",1.8 لیتر,4 سیلندر XU7,13.1 ثانیه,8.3 لیتر در صد کیلومتر,"470,000,000"
53,/car/detail-dc0ugojh-samand-lx-ef7cng-1393,سمند، LX,1393,"370,000 km",دنده ای,سفید / داخل قهوه ای,با سلام موتور و دیسک و صفحه تازه یک ماه هست کامل تعمیر شده با فاکتور معتبر و یک سال گارانتی موتور یک گلگیر سمت شاگرد تعویض و همون سمت یکم شاسیشو صافکاری کردن تا برج ۴ بیمه داره لاستیکهاشم ۴ حلقه ۳ ماه هست نو خریدم خلاصه برای سوار و استفاده مناسب هست,1.7 لیتر,4 سیلندر EF7,12 ثانیه,7.5 لیتر در صد کیلومتر,0
54,/car/detail-daz5cf9g-samand-lx-ef7-1395,سمند، LX,1395,"300,000 km",دنده ای,سفید / داخل کرم,,1.7 لیتر,4 سیلندر EF7,12 ثانیه,7.5 لیتر در صد کیلومتر,"390,000,000"
55,/car/detail-9jxtsbqb-samand-lx-ef7cng-1396,سمند، LX,1396,"200,000 km",دنده ای,سفید / داخل کرم,,1.7 لیتر,4 سیلندر EF7,12 ثانیه,7.5 لیتر در صد کیلومتر,"500,000,000"
56,/car/detail-6rsoffdt-samand-lx-ef7-1396,سمند، LX,1396,"270,000 km",دنده ای,سفید / داخل کرم,ماشین سالم تماس بگیرین,1.7 لیتر,4 سیلندر EF7,12 ثانیه,7.5 لیتر در صد کیلومتر,"430,000,000"
57,/car/detail-cshw3jet-samand-lx-ef7cng-1397,سمند، LX,1397,کارکرده,دنده ای,زرد / داخل خاکستری,  کاملا سالم ,1.7 لیتر,4 سیلندر EF7,12 ثانیه,7.5 لیتر در صد کیلومتر,"400,000,000"
58,/car/detail-t2mersfl-samand-lx-basic-1394,سمند، LX,1394,"210,000 km",دنده ای,سفید / داخل کرم,دوررنگ شاسی  ترافیکی دارد گوشه سقف اندازه کف دست لیسه کشی دارد بشرط کارشناس فنی سالم لاستیک ۷۰درصد بیمه نو معاینه فنی تازه گرفتم,1.8 لیتر,4 سیلندر XU7,13.1 ثانیه,8.3 لیتر در صد کیلومتر,"335,000,000"
59,/car/detail-i8nrfwm7-samand-lx-basic-1391,سمند، LX,1391,"123,000 km",دنده ای,سرمه ای / داخل کرم,"خط و خش و رنگ شدگی ها واسه تصادف نبوده و همگی تو پارکینگ اتفاق افتاده است.
دیسک صفحه و لاستیک و تسمه تایم و مصرفی ها همه نو و تازه تعویض شده اند.
",1.8 لیتر,4 سیلندر XU7,13.1 ثانیه,8.3 لیتر در صد کیلومتر,"340,000,000"
60,/car/detail-lbsn4thf-samand-lx-basic-1400,سمند، LX,1400,"42,000 km",دنده ای,سفید / داخل کرم,"ماشین تمیز بدون خط و خش
از صفری دست خو‌دم بوده 
پنچ‌ماه بیمه داره
کم کارکرد 
فنی سالم",1.8 لیتر,4 سیلندر XU7,13.1 ثانیه,8.3 لیتر در صد کیلومتر,"538,000,000"
61,/car/detail-qz4djbsd-samand-lx-basic-1398,سمند، LX,1398,"25,000 km",دنده ای,سفید / داخل قهوه ای,صندوق عقب دارای خردگی و سینی سر شاسی عقب دارای ضربه جزئی است,1.8 لیتر,4 سیلندر XU7,13.1 ثانیه,8.3 لیتر در صد کیلومتر,"465,000,000"
62,/car/detail-4v9wgffj-samand-lx-basic-1395,سمند، LX,1395,"475,000 km",دنده ای,خاکستری / داخل کرم,"خاکستری متال،بدون  لیسه ، صندلی راننده و شاگرد برقی ، تمام سرویس‌ها کامل و دقیق انجام شده: جلوبندی , عقب بندی,موتوری و کمک فنر , جعبه فرمان و تسمه‌ها و رادیاتور و روغن هیدرولیک و واسگازین و روغن موتور در کمتر از یک ماه پیش کامل تعمیر و تعویض شده ،لاستیک خارجی ۲۰۵ بالای ۸۰٪ ، مه شکن هدلایت فوق‌العاده ، روکش صندلی نو ، کف پایی یک تیکه ضد آب ، شیشه دودی ، بادگیر دو طرف ، به دلیل اینکه شغلم ماموریتی بوده و با خودرو شخصی میرفتم ماموریت خودرو همیشه در سلامت کامل و آماده سفر بوده.",1.8 لیتر,4 سیلندر XU7,13.1 ثانیه,8.3 لیتر در صد کیلومتر,"389,000,000"
63,/car/detail-xaoiqwdr-samand-lx-ef7cng-1393,سمند، LX,1393,"500,000 km",دنده ای,مشکی / داخل مشکی, بدنه خط و خش دارد . زیر قیمت گذاشتم.,1.7 لیتر,4 سیلندر EF7,12 ثانیه,7.5 لیتر در صد کیلومتر,"350,000,000"
64,/car/detail-5ig7wdka-samand-lx-ef7cng-1392,سمند، LX,1392,"330,000 km",دنده ای,سفید / داخل کرم,"دوگانه دست
عکس کارشناسی موجود
بیمه تا برج ده سال دیگه
لاستیک جلو ماه پیش عوض کردم
تمام مصرفی ها امسال عوض شده
باتری ، دینام ، تسمه دینام ، تسمه تایم ، منبع اگزوز کامل ،صفحه کلاچ ، کمک جلو ، دیسک ترمز جلو ، شمع ، وایر ، کویل 
همه چی سالم فقط پلوس و سر پلوس باید تعمیر و تعویض بشه و کمپرس روغن باید تعمیر بشه ک نه دود می‌کنه و نه بخار داره رفتم تست معاینه فنی گفت ک درصد آلایندگی بالاست ک کلا تمام خرج هاش 25 تومن میشه ک من 40 تومن کم کردم 
خودم پنج ساله دارم سوارش میشم",1.7 لیتر,4 سیلندر EF7,12 ثانیه,7.5 لیتر در صد کیلومتر,"300,000,000"
65,/car/detail-gzpmklrx-samand-lx-ef7cng-1399,سمند، LX,1399,"61,000 km",دنده ای,نوک مدادی / داخل قهوه ای,Ef7پایه گاز کپسول بزرگ زیمنس بیمه ۱۲ماه .لاستیک ها 80درصد باطری نو گارانتی داره .روکش کفپوش 5 بعدی ماشین خونگیه فروش فوری,1.7 لیتر,4 سیلندر EF7,12 ثانیه,7.5 لیتر در صد کیلومتر,"570,000,000"
66,/car/detail-i7csrskf-samand-lx-ef7cng-1396,سمند، LX,1396,"190,000 km",دنده ای,سفید / داخل قهوه ای, فابریک.فنی در سلامت کامل.کاپوت از رو رنگ.بدون ضربه.,1.7 لیتر,4 سیلندر EF7,12 ثانیه,7.5 لیتر در صد کیلومتر,"480,000,000"
67,/car/detail-bis9ynm5-samand-lx-ef7-1397,سمند، LX,1397,"340,000 km",دنده ای,سفید / داخل قهوه ای,"بیمه ده روز 
لاستیک ۲۰۵ 
تسمه تایم تازه تعویض شده 
ظبط سونی
کفی یه تیکه
شیشه دودی",1.7 لیتر,4 سیلندر EF7,12 ثانیه,7.5 لیتر در صد کیلومتر,"477,000,000"
68,/car/detail-2ty0kqj5-samand-lx-basic-1395,سمند، LX,1395,"60,000 km",دنده ای,سفید / داخل مشکی,  مولتی پلکس لاستیک ۱۰۰ درصد بیمه ۱۲ ماه متور به شرط مکانیک,1.8 لیتر,4 سیلندر XU7,13.1 ثانیه,8.3 لیتر در صد کیلومتر,"440,000,000"
69,/car/detail-2fczupk0-samand-lx-basic-1398,سمند، LX,1398,"80,000 km",دنده ای,سفید / داخل خاکستری,,1.8 لیتر,4 سیلندر XU7,13.1 ثانیه,8.3 لیتر در صد کیلومتر,"510,000,000"
70,/car/detail-gfuiucw2-samand-lx-basic-1398,سمند، LX,1398,"80,000 km",دنده ای,سفید / داخل خاکستری,,1.8 لیتر,4 سیلندر XU7,13.1 ثانیه,8.3 لیتر در صد کیلومتر,"510,000,000"
71,/car/detail-hs0w6egz-samand-lx-ef7cng-1398,سمند، LX,1398,صفر کیلومتر,دنده ای,سفید / داخل قهوه ای,"ماشین صفر و داخل پارکینگ بوده 
خریدار واقعی تماس بگیره",1.7 لیتر,4 سیلندر EF7,12 ثانیه,7.5 لیتر در صد کیلومتر,"710,000,000"
72,/car/detail-pm46fxrh-samand-lx-basic-1392,سمند، LX,1392,"135,000 km",دنده ای,سفید / داخل مشکی,بدنه درب شاگرد به اندازه یه کف دست رفته تو و عقب شاگرد یکم به دیوار مالید خیلی کم ، باطری نو بیمه ثالث جدیدا عوض شده ضبط پاییونیر و قفل چرخ و قفل زاپاس فقط 135 هزار تا رفته فنی سالم و چرخ ها 40 درصد رفته و زاپاس نو . ماشین تمیزه خیلی و فنی سالم همه چیش جدیدا عوض شده!,1.8 لیتر,4 سیلندر XU7,13.1 ثانیه,8.3 لیتر در صد کیلومتر,"400,000,000"
73,/car/detail-xhgnu9mv-samand-lx-basic-1397,سمند، LX,1397,"70,000 km",دنده ای,آبی / داخل کرم,ماشن در حد صفر استثنایی چند سال خواب بوده کفی سه بعدی موتور کاملا سالم بیمه یک سال,1.8 لیتر,4 سیلندر XU7,13.1 ثانیه,8.3 لیتر در صد کیلومتر,"510,000,000"
74,/car/detail-wthlbvol-samand-lx-ef7-1394,سمند، LX,1394,"169,000 km",دنده ای,سفید / داخل کرم,ماشین سالم خط و خش جزئی بیمه و معاینه فنی و لاستیک زاپاس نو,1.7 لیتر,4 سیلندر EF7,12 ثانیه,7.5 لیتر در صد کیلومتر,"390,000,000"
75,/car/detail-dau0tf8e-samand-lx-basic-1396,سمند، LX,1396,"130,000 km",دنده ای,سفید / داخل کرم,"ساده سالم
موتور گیربکس سالم
۴ حلقه لاستیک نو ۲۰۵
بیمه ۱۱ ماه
ی گلگیر جلو تعویض کارخانه بدون تصادف",1.8 لیتر,4 سیلندر XU7,13.1 ثانیه,8.3 لیتر در صد کیلومتر,"430,000,000"
